City_ID,City,Lat,Lng,Max Temp,Humidity,Cloudiness,Wind Speed,Country,Date
0,papatowai,-46.5619,169.4708,51.69,69,29,12.26,NZ,1787104408
1,karasburg,-28.0167,18.75,62.64,17,0,6.11,NA,1787104409
2,port-aux-francais,-49.35,70.2167,31.93,93,100,19.28,TF,1787104413
3,olonkinbyen,70.9221,-8.7187,41.07,82,100,10.56,SJ,1787104414
4,ushuaia,-54.8,-68.3,38.86,81,94,21.85,AR,1787104416
5,port mathurin,-19.6833,63.4167,71.69,78,30,17.27,MU,1787104417
6,ribeira grande,38.5167,-28.7,74.77,88,3,7.0,PT,1787104419
7,hitzacker,53.1525,11.0442,62.4,92,100,9.28,DE,1787104420
8,dunedin,-45.8742,170.5036,53.62,70,50,11.01,NZ,1787104314
9,aasiaat,68.7098,-52.8699,38.52,98,100,5.39,GL,1787104423
10,college,64.8569,-147.8028,62.55,71,100,12.66,US,1787104425
11,revda,56.801,59.9303,53.37,92,28,2.66,RU,1787104426
12,mukalla,14.5425,49.1242,82.72,68,11,2.66,YE,1787104428
13,twon-brass,4.3151,6.2418,76.68,89,96,10.11,NG,1787104429
14,valparaiso,-33.0393,-71.6273,58.64,67,15,9.22,CL,1787104199
15,yellowknife,62.456,-114.3525,68.56,64,13,8.05,CA,1787104309
16,west island,-12.1568,96.8225,80.58,67,61,4.61,CC,1787104434
17,lompoc,34.6391,-120.4579,65.14,88,100,11.5,US,1787104239
18,tiksi,71.6872,128.8694,44.46,67,12,5.59,RU,1787104437
19,grytviken,-54.2811,-36.5092,38.26,72,100,10.49,GS,1787104438
20,puerto natales,-51.7236,-72.4875,39.0,79,73,18.34,CL,1787104441
21,glen innes,-29.7333,151.7333,58.1,47,4,5.97,AU,1787104442
22,anaconda,46.1285,-112.9423,72.25,33,13,6.49,US,1787104444
23,acapulco de juarez,16.8634,-99.8901,89.42,77,100,9.22,MX,1787104203
24,ilulissat,69.2167,-51.1,44.62,100,100,3.44,GL,1787104450
25,bilibino,68.0546,166.4372,51.28,70,100,0.29,RU,1787104451
26,margaret river,-33.95,115.0667,59.61,74,27,9.48,AU,1787104453
27,adamstown,-25.066,-130.1015,64.72,58,98,12.75,PN,1787104456
28,lebu,-37.6167,-73.65,48.69,84,74,17.56,CL,1787104458
29,calabozo,8.9242,-67.4293,78.37,91,100,2.08,VE,1787104459
30,albany,42.6001,-73.9662,70.45,81,47,1.01,US,1787104413
31,edinburgh of the seven seas,-37.0676,-12.3116,55.67,81,100,17.11,SH,1787104462
32,puerto ayora,-0.7393,-90.3518,76.55,92,56,5.99,EC,1787104344
33,invercargill,-46.4,168.35,51.03,82,10,8.01,NZ,1787104465
34,floresville,29.1336,-98.1561,92.86,53,69,15.17,US,1787104262
35,iqaluit,63.7506,-68.5145,40.73,86,100,3.44,CA,1787104468
36,walvis bay,-22.9575,14.5053,54.55,47,0,5.75,NA,1787104470
37,zheleznogorsk,52.331,35.3711,54.9,92,44,10.78,RU,1787104471
38,kodinsk,58.6881,99.1844,62.98,58,100,4.68,RU,1787104473
39,san patricio,28.017,-97.5169,84.15,71,81,13.11,US,1787104474
40,springfield,37.2153,-93.2982,85.89,61,7,1.99,US,1787104339
41,alotau,-10.3069,150.4462,78.39,64,100,7.61,PG,1787104477
42,sines,37.9562,-8.8698,68.29,95,0,3.0,PT,1787104479
43,tindouf,27.6711,-8.1474,95.45,15,69,10.36,DZ,1787104480
44,bethel,41.3712,-73.414,74.53,83,65,13.0,US,1787104247
45,jiazi,22.8779,116.067,85.6,75,35,24.65,CN,1787104483
46,saint-pierre,-21.3393,55.4781,69.48,68,1,9.22,RE,1787104485
47,severo-yeniseyskiy,60.3725,93.0408,60.3,61,100,5.39,RU,1787104486
48,harlingen,26.1906,-97.6961,87.89,58,0,19.57,US,1787104320
49,shingu,33.7333,135.9833,87.24,67,100,6.51,JP,1787104489
50,talca,-35.4333,-71.6667,48.36,83,26,0.34,CL,1787104491
51,nemuro,43.3236,145.575,69.19,88,66,16.35,JP,1787104492
52,constantia,44.1833,28.65,68.07,79,56,13.09,RO,1787104349
53,trairi,-3.2778,-39.2689,79.52,78,9,12.39,BR,1787104495
54,codrington,-38.2667,141.9667,58.26,88,83,20.24,AU,1787104497
55,talnakh,69.4865,88.3972,70.16,53,16,4.03,RU,1787104498
56,iskateley,67.6803,53.1512,60.82,72,82,4.18,RU,1787104500
57,bredasdorp,-34.5322,20.0403,48.02,93,57,2.44,ZA,1787104502
58,ostringen,49.22,8.7122,68.25,92,100,6.31,DE,1787104503
59,atafu village,-8.5421,-172.5159,82.71,78,77,14.67,TK,1787104505
60,arraial do cabo,-22.9661,-42.0278,72.12,86,4,24.27,BR,1787104506
61,pader,3.05,33.2167,64.53,88,99,3.74,UG,1787104508
62,sur,22.5667,59.5289,83.84,65,95,6.58,OM,1787104509
63,avarua,-21.2078,-159.775,71.65,73,100,8.05,CK,1787104511
64,dmitrovsk-orlovskiy,52.505,35.1464,53.91,95,28,10.87,RU,1787104512
65,al ghayzah,16.2079,52.176,76.1,92,57,9.37,YE,1787104515
66,kununurra,-15.7667,128.7333,85.98,45,8,6.91,AU,1787104517
67,ola,59.5833,151.2833,57.65,73,93,9.1,RU,1787104518
68,ocean city,39.2776,-74.5746,75.04,93,9,1.99,US,1787104520
69,blackmans bay,-43.0167,147.3167,59.13,73,96,8.66,AU,1787104521
70,sinabang,2.4803,96.3801,79.38,83,100,2.86,ID,1787104523
71,ust-nera,64.5667,143.2,54.3,54,73,4.81,RU,1787104524
72,kodiak,57.79,-152.4072,54.91,76,100,5.75,US,1787104227
73,yuzhno-kurilsk,44.0306,145.8556,74.59,83,65,13.6,RU,1787104527
74,vendome,47.8,1.0667,63.25,96,11,5.3,FR,1787104529
75,uaua,-9.8414,-39.4817,70.27,75,86,17.2,BR,1787104530
76,roma,43.2128,-75.4557,67.01,81,100,1.01,US,1787104307
77,langford,48.4496,-123.5026,69.08,74,20,8.05,CA,1787104533
78,korla,41.7597,86.1469,81.7,26,100,14.7,CN,1787104535
79,yelizovo,53.1873,158.3805,78.94,50,74,6.71,RU,1787104537
80,badger,64.8,-147.5333,62.47,61,100,12.66,US,1787104538
81,berezovyy,51.6667,135.7,59.61,97,100,6.42,RU,1787104540
82,enewetak,11.3474,162.3373,83.07,71,36,2.17,MH,1787104541
83,coahuayana de hidalgo,18.7,-103.6583,84.31,81,35,2.08,MX,1787104542
84,gurupi,-11.7292,-49.0686,81.46,31,43,1.36,BR,1787104544
85,longyearbyen,78.2186,15.6401,39.04,87,79,6.91,SJ,1787104546
86,phan rang-thap cham,11.5667,108.9833,89.49,55,100,7.76,VN,1787104547
87,waitangi,-43.9535,-176.5597,46.81,72,97,5.01,NZ,1787104549
88,touros,-5.1989,-35.4608,74.5,90,14,12.28,BR,1787104550
89,fomboni,-12.28,43.7425,75.56,72,0,11.52,KM,1787104552
90,pontianak,-0.0333,109.3333,80.58,83,100,10.36,ID,1787104553
91,port douglas,-16.4833,145.4667,72.82,77,61,15.55,AU,1787104555
92,juan de herrera,18.874,-71.2383,75.94,82,9,2.51,DO,1787104556
93,salekhard,66.53,66.6019,59.49,60,4,9.57,RU,1787104558
94,hawaiian paradise park,19.5933,-154.9731,81.91,83,100,12.66,US,1787104559
95,port elizabeth,-33.918,25.5701,52.32,96,63,1.01,ZA,1787104497
96,luena,-11.7833,19.9167,51.66,34,0,4.34,AO,1787104562
97,pandan,14.0453,124.1694,86.72,64,100,15.21,PH,1787104564
98,malyn,50.7723,29.2383,55.38,82,100,7.74,UA,1787104565
99,cova figueira,14.8905,-24.2934,68.95,82,79,11.5,CV,1787104567
100,whitehorse,60.7161,-135.0538,66.97,37,94,2.3,CA,1787104410
101,utrik,11.2278,169.8474,83.95,76,42,9.13,MH,1787104570
102,richards bay,-28.783,32.0377,66.78,78,100,6.42,ZA,1787104572
103,najafabad,32.6344,51.3668,79.59,15,0,2.35,IR,1787104573
104,polyarnyy,69.1989,33.4478,50.9,100,97,4.45,RU,1787104575
105,rundu,-17.9333,19.7667,52.95,26,0,5.82,NA,1787104576
106,tazovsky,67.4667,78.7,61.99,57,4,6.53,RU,1787104578
107,susuman,62.7833,148.1667,54.68,69,100,3.98,RU,1787104579
108,dhuwaran,22.2333,72.8,81.52,77,28,12.53,IN,1787104581
109,ancud,-41.8697,-73.8203,46.47,93,90,5.73,CL,1787104528
110,grantsville,40.5999,-112.4644,88.56,23,3,5.75,US,1787104584
111,vadso,70.0744,29.7487,51.96,87,100,17.27,NO,1787104585
112,khandyga,62.6667,135.6,54.39,67,99,2.86,RU,1787104587
113,jamestown,42.097,-79.2353,65.84,83,86,3.44,US,1787104301
114,saguenay,48.4168,-71.0657,66.07,79,100,5.75,CA,1787104590
115,loreto,22.2667,-101.9667,71.51,41,5,19.95,MX,1787104591
116,quellon,-43.1167,-73.6167,47.53,95,100,10.07,CL,1787104593
117,stanley,54.868,-1.6985,54.5,94,100,6.91,GB,1787104341
118,callao,-12.0667,-77.15,72.95,68,49,21.85,PE,1787104596
119,ormara,25.2088,64.6357,80.15,84,98,12.68,PK,1787104597
120,haiku-pauwela,20.9219,-156.3051,82.42,71,91,18.99,US,1787104599
121,nadym,65.5333,72.5167,64.72,53,2,9.84,RU,1787104600
122,christchurch,-43.5333,172.6333,55.9,66,27,10.36,NZ,1787104326
123,afaahiti,-17.75,-149.2833,76.21,80,5,9.64,PF,1787104603
124,kourou,5.1552,-52.6478,78.22,85,2,7.45,GF,1787104605
125,natal,-5.795,-35.2094,77.22,88,43,8.05,BR,1787104114
126,tarnogskiy gorodok,60.4997,43.5761,52.68,98,100,4.94,RU,1787104608
127,leua,48.2156,18.6071,63.16,86,100,5.73,SK,1787104609
128,qom,34.6401,50.8764,83.52,19,0,5.1,IR,1787104611
129,fomento,22.1039,-79.7217,74.41,90,9,3.69,CU,1787104612
130,punta arenas,-53.15,-70.9167,39.31,81,86,14.97,CL,1787104614
131,jayapura,-2.5333,140.7,88.99,77,81,2.68,ID,1787104615
132,happy valley-goose bay,53.3168,-60.3315,64.71,72,99,3.44,CA,1787104617
133,hithadhoo,-0.6,73.0833,82.42,77,99,12.91,MV,1787104618
134,swift current,50.2834,-107.8014,77.81,36,97,6.91,CA,1787104620
135,juneau,58.3019,-134.4197,57.42,98,100,3.44,US,1787104455
136,misratah,32.3754,15.0925,81.84,67,0,10.09,LY,1787104623
137,calama,-22.4667,-68.9333,39.69,93,70,11.5,CL,1787104624
138,qurayyat,31.3318,37.3428,73.58,64,0,11.5,SA,1787104353
139,hirara,24.8,125.2833,85.86,89,96,18.41,JP,1787104627
140,anadyr,64.75,177.4833,55.9,82,100,13.42,RU,1787104629
141,kalianget,-7.05,113.9333,83.8,65,31,19.28,ID,1787104630
142,mandalgovi,45.7625,106.2708,73.99,36,100,15.1,MN,1787104632
143,antonio enes,-16.2325,39.9086,69.85,82,3,5.86,MZ,1787104633
144,uturoa,-16.7333,-151.4333,79.05,77,3,7.31,PF,1787104635
145,xinyuan,37.3,99.0,53.29,62,0,0.85,CN,1787104636
146,lerwick,60.1545,-1.1494,52.27,77,99,15.21,GB,1787104638
147,cidreira,-30.1811,-50.2056,67.51,98,100,8.01,BR,1787104639
148,hwange,-18.3693,26.5019,57.15,27,0,2.15,ZW,1787104641
149,aioun,16.6614,-9.6149,90.43,48,96,11.81,MR,1787104642
150,tan-tan,28.438,-11.1032,71.37,74,100,9.78,MA,1787104644
151,san sebastian de la gomera,28.0916,-17.1133,73.76,78,5,3.44,ES,1787104645
152,weno,7.4515,151.8468,80.55,89,100,13.8,FM,1787104647
153,nikolayevsk-on-amure,53.1406,140.73,60.4,99,100,5.1,RU,1787104650
154,pisco,-13.7,-76.2167,68.05,68,5,17.27,PE,1787104652
155,la passe,45.5549,-0.8967,63.48,88,0,5.73,FR,1787104653
156,dolores,-36.3132,-57.6792,42.46,89,49,5.28,AR,1787104655
157,sumy,50.9216,34.8003,56.41,96,81,6.62,UA,1787104656
158,arno,60.1167,18.6333,49.73,91,12,6.46,SE,1787104658
159,spearfish,44.4908,-103.8594,64.85,70,100,11.5,US,1787104659
160,carnarvon,-24.8667,113.6333,67.37,60,60,15.64,AU,1787104661
161,amga,60.8953,131.9608,57.16,62,96,4.38,RU,1787104662
162,darwin,-12.4611,130.8418,84.18,42,5,18.41,AU,1787104664
163,chifeng,42.2683,118.9636,78.48,51,5,2.89,CN,1787104665
164,flying fish cove,-10.4217,105.6791,78.48,88,56,9.22,CX,1787104667
165,petropavlovsk-kamchatsky,53.0452,158.6483,77.59,50,73,6.71,RU,1787104668
166,aykhal,66.0,111.5,49.69,58,36,10.13,RU,1787104670
167,chonchi,-42.6128,-73.8092,49.12,96,99,2.8,CL,1787104671
168,hermanus,-34.4187,19.2345,52.0,89,55,7.81,ZA,1787104673
169,axim,4.8699,-2.2405,75.42,94,100,6.46,GH,1787104674
170,ta`u,-14.2336,-169.5144,77.58,79,82,8.59,AS,1787104676
171,isafjordur,66.0755,-23.124,42.69,87,7,3.42,IS,1787104688
172,andkhoy,36.9529,65.1238,82.51,26,0,9.75,AF,1787104689
173,makaha,21.4694,-158.2175,85.33,61,100,12.66,US,1787104691
174,thames,-37.1333,175.5333,56.88,49,6,7.02,NZ,1787104692
175,minas de marcona,-15.2119,-75.1103,52.92,72,0,13.65,PE,1787104694
176,vorgashor,67.5833,63.95,61.14,56,30,6.26,RU,1787104695
177,sisimiut,66.9395,-53.6735,44.58,92,100,5.68,GL,1787104697
178,westport,41.1415,-73.3579,77.02,87,61,11.5,US,1787104698
179,hotan,37.0997,79.9269,81.79,16,0,2.53,CN,1787104700
180,sadjoavato,-12.6334,49.349,65.34,89,0,2.04,MG,1787104701
181,sechura,-5.5569,-80.8222,72.3,78,21,18.59,PE,1787104703
182,ostersund,63.1792,14.6357,46.85,100,100,18.41,SE,1787104481
183,biala podlaska,52.0324,23.1165,53.91,84,96,7.23,PL,1787104579
184,airway heights,47.6446,-117.5933,88.05,20,0,17.27,US,1787104707
185,rosso,16.4986,-15.8153,84.85,73,85,10.69,SN,1787104709
186,fernley,39.608,-119.2518,93.58,14,100,8.01,US,1787104711
187,pinhao,-25.6956,-51.6597,60.55,89,7,3.78,BR,1787104712
188,east ballina,-28.8667,153.5833,68.63,56,26,8.05,AU,1787104714
189,sultanah,24.4926,39.5857,90.05,20,0,5.75,SA,1787104715
190,bamboo flat,11.7,92.7167,84.29,84,99,11.5,IN,1787104717
191,qorveh,35.1664,47.8045,58.46,34,0,3.09,IR,1787104718
192,romanovka,51.7443,42.7527,64.89,38,53,7.99,RU,1787104720
193,praia da vitoria,38.7333,-27.0667,73.65,88,20,5.75,PT,1787104721
194,tarawa,1.419,172.984,87.89,74,49,10.36,KI,1787104723
195,alpena,45.0617,-83.4327,67.1,99,100,13.8,US,1787104211
196,salanso,12.1833,-4.0833,77.95,76,98,5.55,BF,1787104726
197,kangaba,11.9333,-8.4167,74.7,87,82,2.57,ML,1787104727
198,portage la prairie,49.9728,-98.2926,66.29,63,7,0.0,CA,1787104517
199,sault ste. marie,46.5168,-84.3333,62.89,59,48,10.36,CA,1787104515
200,vilyuchinsk,52.9306,158.4028,79.07,78,91,5.21,RU,1787104732
201,pauri,30.15,78.7833,67.01,95,100,2.57,IN,1787104733
202,okha,53.5739,142.9478,56.1,99,100,11.39,RU,1787104735
203,tsiroanomandidy,-18.7667,46.0333,62.17,81,90,4.36,MG,1787104736
204,kayyerkan,69.3786,87.7439,63.86,63,15,3.69,RU,1787104738
205,lata,40.1629,-8.3327,67.51,94,0,1.57,PT,1787104739
206,wad medani,14.4012,33.5199,84.27,58,100,11.25,SD,1787104741
207,port lincoln,-34.7333,135.8667,59.22,61,52,21.07,AU,1787104742
208,gejiu,23.306,103.1635,63.12,93,100,3.65,CN,1787104744
209,taikang,46.8333,124.4167,77.43,51,95,6.02,CN,1787104745
210,jieshi,22.8134,115.8257,85.28,76,16,26.15,CN,1787104747
211,sinop,41.7711,34.8709,63.88,70,0,5.14,TR,1787104750
212,atbasar,51.8,68.3333,62.4,58,99,2.17,KZ,1787104751
213,udachny,66.4167,112.4,51.76,53,29,10.54,RU,1787104753
214,peace river,56.2501,-117.286,71.91,60,100,6.91,CA,1787104754
215,inarajan village,13.2736,144.7484,74.37,84,50,17.78,GU,1787104756
216,brisas de zicatela,15.8369,-97.0419,84.33,78,98,5.17,MX,1787104758
217,dudinka,69.4058,86.1778,68.86,54,78,4.65,RU,1787104759
218,novyy urgal,51.0736,132.5642,74.37,54,100,2.13,RU,1787104760
219,verkhnevilyuysk,63.4453,120.3167,47.98,75,100,1.86,RU,1787104762
220,klaksvik,62.2266,-6.589,50.81,78,100,22.48,FO,1787104763
221,kattivakkam,13.2167,80.3167,85.03,79,100,9.71,IN,1787104765
222,vilsbiburg,48.45,12.35,65.41,93,100,6.49,DE,1787104767
223,nova vicosa,-17.8919,-39.3719,69.44,77,5,6.11,BR,1787104768
224,laguna,38.421,-121.4238,95.18,30,44,10.36,US,1787104770
225,lockwood,45.8191,-108.4149,73.29,60,100,5.75,US,1787104771
226,tlaltenango de sanchez roman,21.7833,-103.3167,73.31,49,0,1.92,MX,1787104773
227,mbaiki,3.8678,17.9892,70.21,91,83,2.44,CF,1787104774
228,nar'yan-mar,67.6713,53.087,60.6,73,73,4.07,RU,1787104776
229,jumla,29.2747,82.1838,58.62,94,100,1.63,NP,1787104777
230,pedernales,18.0384,-71.744,77.9,73,7,0.63,DO,1787104684
231,porto novo,6.4965,2.6036,78.62,94,100,7.25,BJ,1787104780
232,parun,35.4207,70.9221,54.88,53,5,9.33,AF,1787104782
233,crane,31.3974,-102.3501,92.37,23,7,14.99,US,1787104783
234,nagqu,31.5,92.0,45.72,58,0,2.3,CN,1787104785
235,flores costa cuca,14.65,-91.8167,79.12,94,100,4.18,GT,1787104786
236,egilsstadir,65.2653,-14.3948,39.11,93,5,0.0,IS,1787104788
237,jaffna,9.6685,80.0074,82.09,80,68,17.27,LK,1787104789
238,obuase,6.206,-1.6619,71.87,99,100,3.04,GH,1787104791
239,mugia,43.1041,-9.2179,65.95,91,19,12.41,ES,1787104792
240,hami,42.8,93.45,81.68,29,62,6.2,CN,1787104794
241,dzhalagash,45.0833,64.6667,74.21,29,6,7.11,KZ,1787104795
242,mount gambier,-37.8333,140.7667,57.63,84,94,13.2,AU,1787104797
243,straldzha,42.6,26.6833,67.05,78,100,3.8,BG,1787104798
244,seaside,36.6111,-121.8516,63.21,85,100,8.05,US,1787104502
245,chippewa falls,44.9369,-91.3929,75.38,62,46,8.05,US,1787104674
246,winnemucca,40.973,-117.7357,93.25,10,64,8.19,US,1787104803
247,hakui,36.8833,136.7833,88.05,58,9,6.29,JP,1787104805
248,kargopol',61.5071,38.9456,53.55,95,100,4.56,RU,1787104806
249,rabo de peixe,37.8,-25.5833,72.91,83,21,8.05,PT,1787104808
250,camarinas,43.1311,-9.1817,65.88,91,26,12.06,ES,1787104809
251,fredericton,45.9454,-66.6656,70.84,86,70,3.44,CA,1787104713
252,wailua homesteads,22.0669,-159.378,78.15,70,73,11.14,US,1787104812
253,ashburton,-37.8626,145.0794,57.61,82,100,8.99,AU,1787104814
254,najran,17.4924,44.1277,78.44,16,0,3.91,SA,1787104815
255,fale old settlement,-9.3852,-171.2468,81.93,78,52,15.43,TK,1787104817
256,cascais,38.6979,-9.4215,72.52,90,0,2.39,PT,1787104818
257,remire-montjoly,4.9167,-52.2667,80.64,83,9,3.44,GF,1787104820
258,marivan,35.5219,46.176,67.73,32,0,3.31,IR,1787104821
259,cole harbour,44.6724,-63.4751,67.82,95,100,8.01,CA,1787104823
260,kerikeri,-35.2268,173.9474,56.89,47,2,9.42,NZ,1787104824
261,puerto san jose,13.9256,-90.8244,81.14,91,100,8.9,GT,1787104828
262,sao joao da barra,-21.6403,-41.0511,70.29,84,5,19.28,BR,1787104829
263,new norfolk,-42.7826,147.0587,57.7,83,81,2.42,AU,1787104834
264,nhamunda,-2.1861,-56.7131,80.31,56,71,3.33,BR,1787104836
265,calvinia,-31.4707,19.776,56.17,46,54,4.18,ZA,1787104837
266,tornio,65.8481,24.1466,57.22,92,100,4.09,FI,1787104839
267,lihue,21.9789,-159.3672,78.64,71,81,11.56,US,1787104840
268,maumere,-8.6199,122.2111,81.0,59,0,2.37,ID,1787104843
269,vernon,50.2581,-119.2691,89.13,28,100,2.3,CA,1787104844
270,beykonak,36.3257,30.303,76.28,75,0,4.76,TR,1787104846
271,chernyshevskiy,63.0128,112.4714,51.33,56,99,5.5,RU,1787104849
272,chita,52.0333,113.55,53.49,94,100,6.71,RU,1787104850
273,gadzhiyevo,69.2551,33.3362,50.65,95,98,5.57,RU,1787104852
274,holualoa,19.6228,-155.9522,74.73,98,100,6.58,US,1787104853
275,kassala,15.451,36.4,80.22,56,65,10.33,SD,1787104855
276,georgetown,5.4112,100.3354,85.95,87,100,5.75,MY,1787104711
277,northam,51.0333,-4.2167,62.46,91,100,9.95,GB,1787104858
278,gdov,58.7406,27.8122,54.9,86,100,9.89,RU,1787104859
279,tazacorte,28.629,-17.9293,74.37,62,0,8.01,ES,1787104861
280,paracuru,-3.41,-39.0306,79.09,76,14,14.76,BR,1787104863
281,ullal,12.8,74.85,76.15,94,100,5.75,IN,1787104864
282,franceville,-1.6333,13.5836,77.11,70,99,3.22,GA,1787104866
283,kukawa,12.9234,13.5606,80.67,63,90,9.22,NG,1787104867
284,kurumkan,54.3,110.3,65.84,54,100,4.0,RU,1787104869
285,thompson,55.7435,-97.8558,57.36,72,18,3.44,CA,1787104870
286,cristalina,-16.7686,-47.6136,66.54,43,0,7.09,BR,1787104872
287,taroa,8.7058,171.2275,83.07,72,86,2.15,MH,1787104873
288,greymouth,-42.4667,171.2,55.99,57,0,6.04,NZ,1787104875
289,yoloten,37.2989,62.3597,85.53,24,0,7.4,TM,1787104876
290,pierre,44.3683,-100.351,78.85,64,95,5.75,US,1787104766
291,iaciara,-14.0958,-46.6317,75.49,37,0,3.4,BR,1787104879
292,port saint john's,-31.6229,29.5448,64.11,86,59,4.68,ZA,1787104881
293,shushtar,32.0455,48.8567,89.65,18,0,3.69,IR,1787104883
294,praia,14.9215,-23.5087,81.14,74,100,10.36,CV,1787104885
295,lagunas,-5.2269,-75.6753,78.84,70,73,2.55,PE,1787104887
296,ust'-ilimsk,58.0006,102.6619,63.82,49,100,6.73,RU,1787104891
297,pontiac,42.6389,-83.2911,76.19,66,70,10.36,US,1787104895
298,kapa'a,22.0752,-159.319,79.27,71,67,12.46,US,1787104897
299,filey,54.21,-0.2892,57.78,92,100,10.16,GB,1787104899
300,bozeman,45.6796,-111.0386,74.01,40,1,6.91,US,1787104902
301,beloyarskiy,63.7119,66.6722,59.45,67,92,5.44,RU,1787104903
302,lebork,54.5392,17.7501,49.42,99,32,6.62,PL,1787104905
303,pindushi,62.9152,34.58,54.01,94,100,5.28,RU,1787104906
304,kapuskasing,49.4169,-82.4331,62.69,77,17,4.61,CA,1787104908
305,bontang,0.1333,117.5,81.86,68,54,7.92,ID,1787104909
306,tsiombe,-25.3,45.4833,66.74,97,30,4.59,MG,1787104911
307,bac lieu,9.285,105.7244,83.86,73,100,15.59,VN,1787104913
308,flin flon,54.7682,-101.865,59.11,50,14,5.55,CA,1787104889
309,olyokminsk,60.3736,120.4264,56.01,73,98,3.18,RU,1787104916
310,dubbo,-32.25,148.6167,66.33,48,46,9.22,AU,1787104917
311,sitka,57.0531,-135.33,60.15,76,82,4.72,US,1787104919
312,salaya,22.3167,69.6,81.07,80,100,16.4,IN,1787104922
313,senden,48.3244,10.0444,61.72,94,68,7.02,DE,1787104923
314,kikinda,45.8297,20.4653,65.91,62,100,4.99,RS,1787104925
315,klyuchi,52.2667,79.1667,61.72,60,7,7.74,RU,1787104926
316,kone,-21.0595,164.8658,76.3,38,9,8.16,NC,1787104928
317,votkinsk,57.0486,53.9872,52.47,94,46,1.45,RU,1787104929
318,saipan,15.1355,145.701,84.9,84,100,10.36,MP,1787104675
319,timbuktu,16.7735,-3.0074,95.72,33,99,10.18,ML,1787104932
320,trinidad,-14.8333,-64.9,74.75,66,62,7.47,BO,1787104934
321,algeciras,36.1333,-5.4505,76.68,77,6,8.05,ES,1787104935
322,bitam,2.076,11.5007,69.39,99,100,4.0,GA,1787104938
323,kingston,17.997,-76.7936,83.35,84,99,10.36,JM,1787104940
324,grand baie,-20.0182,57.5802,72.45,85,2,1.99,MU,1787104942
325,senanga,-16.1167,23.2667,52.92,30,0,6.04,ZM,1787104945
326,jaru,-10.4389,-62.4664,85.05,38,84,1.34,BR,1787104946
327,muroto-misakicho,33.2833,134.15,82.53,80,100,8.52,JP,1787104948
328,duyun,26.2667,107.5167,78.48,85,100,6.67,CN,1787104949
329,kolonia,50.9333,6.95,66.06,96,95,6.91,DE,1787104951
330,sungai raya,0.7,108.9,85.32,62,87,11.34,ID,1787104952
331,kailua-kona,19.6406,-155.9956,78.46,98,100,6.62,US,1787104954
332,fort bragg,35.139,-79.006,87.35,68,90,3.44,US,1787104921
333,wadebridge,50.5173,-4.8363,61.97,100,100,6.91,GB,1787104957
334,i-n-salah,27.1935,2.4607,93.99,15,0,9.93,DZ,1787104958
335,ugoofaaru,5.6667,73.0,82.17,74,100,6.55,MV,1787104961
336,lake havasu city,34.4839,-114.3224,111.2,11,100,5.75,US,1787104834
337,berezovo,63.9381,65.0419,59.49,67,73,6.26,RU,1787104964
338,soio,-6.1349,12.3689,69.22,93,91,5.5,AO,1787104966
339,plaza huincul,-38.926,-69.2086,48.72,29,40,4.36,AR,1787104968
340,parabel',58.6978,81.4825,55.0,96,100,3.87,RU,1787104971
341,punta del este,-34.9667,-54.95,51.91,91,100,8.01,UY,1787104967
342,cabedelo,-6.9811,-34.8339,74.07,93,38,15.3,BR,1787104806
343,port alfred,-33.5906,26.891,53.19,96,41,3.8,ZA,1787104975
344,saint-joseph,-21.3667,55.6167,68.38,83,21,11.41,RE,1787104977
345,suwayr,30.1171,40.3893,82.96,23,0,12.86,SA,1787104978
346,yarmouth,41.7057,-70.2286,68.0,93,0,1.99,US,1787104980
347,tabarka,36.9544,8.758,77.65,88,0,3.44,TN,1787104981
348,machachi,-0.5,-78.5667,50.67,87,67,6.13,EC,1787104983
349,fortuna,40.5982,-124.1573,59.34,97,44,8.05,US,1787104985
350,luderitz,-26.6481,15.1594,60.98,64,4,3.6,NA,1787104986
351,itaocara,-21.6692,-42.0761,68.4,85,11,1.66,BR,1787104988
352,bengkulu,-3.8004,102.2655,80.24,84,95,2.53,ID,1787104989
353,smithers,54.7804,-127.1743,75.52,38,3,9.22,CA,1787104991
354,hamilton,39.1834,-84.5333,72.97,82,3,0.0,US,1787104992
355,mount isa,-20.7333,139.5,80.37,29,3,14.97,AU,1787104994
356,kaa-khem,51.6833,94.7333,62.89,67,80,2.42,RU,1787104995
357,andergrove,-21.0833,149.1833,73.35,68,0,18.41,AU,1787104997
358,coquimbo,-29.9533,-71.3436,56.93,92,21,5.75,CL,1787104998
359,mendaha,-1.0333,103.5833,81.72,75,81,5.88,ID,1787105000
360,nouadhibou,20.931,-17.0347,76.98,69,7,6.91,MR,1787105001
361,lycksele,64.5954,18.6735,51.67,93,100,3.44,SE,1787105003
362,sumbawa besar,-8.5,117.4333,87.24,45,27,7.45,ID,1787105004
363,taro,-8.3862,115.28,80.91,48,37,1.41,ID,1787105006
364,mount pearl,47.5166,-52.7813,57.33,89,100,5.75,CA,1787105007
365,lobujya,27.95,86.8167,38.03,84,67,3.13,NP,1787105009
366,mana,5.6592,-53.7767,77.74,90,7,8.5,GF,1787105011
367,uzgen,40.7699,73.3007,78.12,35,1,3.96,KG,1787105012
368,ad dabbah,18.05,30.95,90.37,16,5,10.69,SD,1787105014
369,rio gallegos,-51.6226,-69.2181,37.45,75,6,18.41,AR,1787104949
370,inda silase,14.1031,38.2829,62.6,81,100,4.18,ET,1787105017
371,morant bay,17.8815,-76.4093,80.01,83,97,6.87,JM,1787105013
372,st. john's,47.5649,-52.7093,58.15,87,100,5.75,CA,1787105020
373,ranau,5.9538,116.6641,82.33,60,100,1.01,MY,1787105021
374,swan hill,-35.3378,143.5544,60.37,92,98,15.68,AU,1787105023
375,bodo,67.28,14.405,51.78,94,100,3.44,NO,1787105025
376,tura,25.5198,90.2201,79.86,88,62,5.7,IN,1787105026
377,medina,24.4686,39.6142,90.03,20,0,5.75,SA,1787105028
378,katsuren-haebaru,26.3369,127.8719,88.09,85,94,23.02,JP,1787105029
379,burang,30.25,81.1667,46.78,89,100,3.13,CN,1787105031
380,orerokpe,5.6351,5.8896,73.36,97,99,2.55,NG,1787105032
381,san luis de la loma,17.2706,-100.8939,86.41,81,100,8.21,MX,1787105034
382,aguadulce,8.25,-80.55,78.69,88,100,3.8,PA,1787105035
383,ishigaki,24.3448,124.1572,86.13,84,80,14.97,JP,1787104812
384,batouri,4.4333,14.3667,67.42,99,16,2.48,CM,1787105038
385,dorentrup,52.0411,9.0028,63.23,93,100,1.99,DE,1787105040
386,broome,42.2506,-75.833,66.67,83,22,1.07,US,1787105041
387,bentota,6.4254,79.9948,80.02,84,46,11.27,LK,1787105043
388,ulan bator,47.9077,106.8832,57.33,82,100,6.71,MN,1787105044
389,namibe,-15.1961,12.1522,65.66,81,0,6.93,AO,1787104931
390,ilam,26.9167,87.9167,77.36,90,37,3.04,NP,1787105047
391,auki,-8.7676,160.7034,80.26,85,100,13.71,SB,1787105049
392,khorugh,37.4897,71.553,58.91,38,0,2.24,TJ,1787105050
393,qaqortoq,60.7167,-46.0333,49.24,73,100,1.68,GL,1787105052
394,sabang,5.8933,95.3214,83.52,78,29,23.4,ID,1787105053
395,sable-sur-sarthe,47.8376,-0.3329,66.85,89,10,3.29,FR,1787105055
396,anna regina,7.2644,-58.5077,80.76,75,41,10.16,GY,1787105056
397,aramil,56.6977,60.8369,51.91,100,97,2.24,RU,1787105058
398,shixing,24.9482,114.0657,87.21,78,8,6.06,CN,1787105061
399,bandon,51.7469,-8.7425,54.99,94,6,5.3,IE,1787105062
400,lazaro cardenas,17.9583,-102.2,86.22,77,14,7.18,MX,1787104897
401,dakoro,14.5106,6.765,82.47,58,100,7.94,NE,1787105065
402,vytegra,61.0064,36.4481,55.4,97,100,10.0,RU,1787105067
403,dalaman,36.7659,28.8028,69.66,83,0,5.01,TR,1787105068
404,rifle,39.5347,-107.7831,88.39,16,87,8.05,US,1787104854
405,kuzovatovo,53.5468,47.6866,61.2,80,58,2.73,RU,1787105072
406,road town,18.4167,-64.6167,82.44,83,1,5.75,VG,1787104776
407,eraan,9.0629,117.7016,90.64,54,92,6.82,PH,1787105075
408,utete,-7.986,38.758,66.0,96,26,1.66,TZ,1787105076
409,zhmerynka,49.037,28.112,55.81,81,100,6.64,UA,1787105078
410,callaway,30.153,-85.5699,75.13,88,93,3.44,US,1787105079
411,mil'kovo,55.6078,37.7956,67.33,74,100,15.68,RU,1787105081
412,alvaraes,-3.2208,-64.8042,84.52,46,97,0.98,BR,1787105082
413,soto la marina,23.7667,-98.2167,82.65,71,2,10.11,MX,1787105084
414,bani walid,31.7566,13.9942,78.94,51,0,6.69,LY,1787105085
415,tocopilla,-22.092,-70.1979,62.22,67,5,11.36,CL,1787105087
416,varangaon,21.0167,75.9,76.98,85,100,11.16,IN,1787105090
417,coxen hole,16.3244,-86.5366,83.48,79,89,12.66,HN,1787105091
418,jiwani,25.05,61.7417,80.22,80,86,7.18,PK,1787105093
419,meulaboh,4.1363,96.1285,78.96,85,94,4.63,ID,1787105094
420,kiama,-34.6833,150.8667,69.26,77,41,11.01,AU,1787105096
421,santa elena de uairen,4.6167,-61.1333,70.36,67,100,3.56,VE,1787105097
422,birzebbuga,35.8258,14.5269,83.08,74,0,11.5,MT,1787105099
423,yreka,41.7354,-122.6345,89.78,19,34,12.66,US,1787105100
424,balsas,-7.5325,-46.0356,76.89,35,100,3.36,BR,1787105102
425,frumusita,45.6667,28.0667,64.0,78,100,4.56,RO,1787105103
426,cabo san lucas,22.8909,-109.9124,88.11,58,100,10.36,MX,1787105105
427,arawa,-6.2132,155.5367,82.76,72,89,2.95,PG,1787105107
428,brookings,44.3114,-96.7984,73.4,64,39,6.91,US,1787104831
429,skeldon,5.8833,-57.1333,78.55,83,8,5.55,GY,1787104992
430,santa cruz,-17.8,-63.1667,53.06,94,96,14.97,BO,1787105111
431,lubang,13.8584,120.124,82.65,85,100,25.41,PH,1787105113
432,petoskey,45.3733,-84.9553,64.24,86,100,4.61,US,1787105114
433,jiuquan,39.7432,98.5174,82.85,19,0,7.36,CN,1787105116
434,keflavik,64.0049,-22.5624,48.63,87,0,6.91,IS,1787105117
435,benguela,-12.5763,13.4055,66.69,89,14,3.85,AO,1787105119
436,moyale,3.5167,39.0584,66.34,71,100,11.34,KE,1787105120
437,wangaratta,-36.3667,146.3333,61.47,75,99,14.43,AU,1787105122
438,la palma,33.8464,-118.0467,87.67,60,100,8.05,US,1787105123
439,gao,16.6362,1.637,94.3,35,53,12.48,ML,1787105125
440,tamayo,18.3947,-71.2029,77.72,74,9,3.8,DO,1787105126
441,huancavelica,-12.7667,-74.9833,35.04,73,14,0.85,PE,1787105014
442,diamantino,-14.4086,-56.4461,74.28,30,0,4.27,BR,1787104994
443,antsiranana,-12.2787,49.2917,71.33,78,9,10.07,MG,1787105131
444,xining,36.6167,101.7667,65.46,43,0,3.2,CN,1787105132
445,piton saint-leu,-21.2196,55.3151,66.31,68,4,9.22,RE,1787105140
446,heroica guaymas,27.9333,-110.9,87.89,62,0,9.62,MX,1787104904
447,nelson bay,-32.7167,152.15,68.09,74,8,1.99,AU,1787105144
448,sao gabriel da cachoeira,-0.1303,-67.0892,74.41,91,88,1.9,BR,1787105145
449,nanyang,32.9947,112.5328,83.07,70,100,10.69,CN,1787105147
450,bam,29.106,58.357,86.85,23,1,5.79,IR,1787105148
451,multai,21.7667,78.25,71.47,92,100,12.44,IN,1787105150
452,camacupa,-12.0167,17.4833,52.59,29,0,4.38,AO,1787105151
453,kalmunai,7.4167,81.8167,81.95,69,17,2.13,LK,1787105153
454,tabango,11.3077,124.373,84.54,70,66,9.64,PH,1787105155
455,pangkalanbuun,-2.6833,111.6167,86.61,49,64,5.64,ID,1787105156
456,okhotsk,59.3833,143.3,60.78,71,37,3.62,RU,1787105158
457,mermoz boabab,14.7065,-17.4758,83.98,84,100,4.61,SN,1787105161
458,cabugao,17.7931,120.4578,80.89,88,100,15.23,PH,1787105162
459,betio village,1.358,172.9211,87.84,77,54,13.18,KI,1787105164
460,alice springs,-23.7,133.8833,69.35,78,16,9.22,AU,1787105165
461,alofi,-19.0595,-169.9187,73.29,64,13,10.36,NU,1787105167
462,victorica,-36.2151,-65.4359,50.76,38,0,10.45,AR,1787105168
463,trondheim,63.4305,10.3951,48.25,93,87,1.01,NO,1787105170
464,hyesan,41.4017,128.1778,74.21,73,100,0.43,KP,1787105171
465,castrovillari,39.8203,16.2123,71.02,79,2,4.85,IT,1787105173
466,lorengau,-2.0226,147.2712,83.64,65,83,16.11,PG,1787105174
467,myeik,12.4333,98.6,81.77,84,98,15.01,MM,1787105176
468,ghormach,35.7306,63.7826,83.52,24,0,6.82,AF,1787105177
469,puerto deseado,-47.7503,-65.8938,45.57,50,0,18.81,AR,1787105179
470,romano di lombardia,45.5246,9.7484,74.48,67,59,3.44,IT,1787105181
471,paraguari,-25.6208,-57.1472,59.88,88,100,5.39,PY,1787105182
472,bayganin,48.6947,55.8742,71.13,40,25,4.09,KZ,1787105184
473,belmonte,-15.8631,-38.8828,71.17,83,89,7.47,BR,1787105185
474,guarapari,-20.6667,-40.4975,65.17,87,2,12.68,BR,1787105187
475,anuradhapura,8.3565,80.4173,80.58,75,38,15.95,LK,1787105188
476,nakhon pathom,13.9833,100.0833,88.27,63,100,14.34,TH,1787105190
477,newman,37.3138,-121.0208,82.36,43,86,5.53,US,1787105193
478,xinzhou,38.4092,112.7333,77.11,66,0,0.45,CN,1787105195
479,zahedan,29.4963,60.8629,69.71,21,0,3.44,IR,1787105197
480,harnosand,62.6323,17.9379,51.8,88,30,9.37,SE,1787105198
481,east london,-33.0153,27.9116,61.43,86,57,6.13,ZA,1787105200
482,eyl,7.9803,49.8164,76.37,71,38,22.08,SO,1787105201
483,makungu,-8.7333,35.2833,52.65,93,8,2.73,TZ,1787105203
484,kupang,-10.1667,123.5833,86.58,42,36,16.11,ID,1787105206
485,mejit,10.2753,170.8646,82.89,78,66,9.73,MH,1787105208
486,ciudad bolivar,8.1222,-63.5497,81.32,72,90,5.57,VE,1787105209
487,lake city,30.1897,-82.6393,77.02,82,100,9.22,US,1787105211
488,rongelap,11.1635,166.8941,83.91,75,76,7.05,MH,1787105212
489,fort mcmurray,56.7268,-111.381,71.51,57,35,4.18,CA,1787105214
490,belyy yar,53.6039,91.3903,57.09,82,100,6.71,RU,1787105215
491,dinguiraye,11.3,-10.7167,71.58,95,33,2.24,GN,1787105217
492,taunggyi,20.7833,97.0333,71.92,82,100,3.49,MM,1787105218
493,at taj,24.2049,23.2857,78.28,26,0,8.57,LY,1787105220
494,urucui,-7.2294,-44.5561,80.17,39,97,10.22,BR,1787105221
495,morehead city,34.7229,-76.726,86.02,87,3,8.05,US,1787104964
496,nantucket,41.2835,-70.0995,66.31,94,1,0.0,US,1787105156
497,manicore,-5.8092,-61.3003,83.19,46,88,4.29,BR,1787105226
498,akureyri,65.6835,-18.0878,37.47,85,1,1.81,IS,1787105227
499,santa maria,-29.6842,-53.8069,69.1,94,100,2.3,BR,1787105046
500,visakhapatnam,17.69,83.2093,84.09,79,99,10.36,IN,1787104934
501,wanganui,-39.9333,175.05,52.65,62,37,5.75,NZ,1787105232
502,nova sintra,14.8667,-24.7167,80.26,80,97,13.24,CV,1787105233
503,makueni boma,-1.8041,37.6203,61.11,83,99,4.27,KE,1787105236
504,riscani,47.9572,27.5539,59.95,81,99,3.36,MD,1787105238
505,novosokol'niki,56.3463,30.1578,52.34,97,100,13.73,RU,1787105239
506,recife,-8.0539,-34.8811,73.44,94,56,13.8,BR,1787105134
507,romblon,12.5751,122.2708,82.69,80,100,20.33,PH,1787105242
508,san rafael del sur,11.8485,-86.4384,75.87,72,99,16.67,NI,1787105244
509,sandnessjoen,66.0217,12.6316,48.42,100,100,0.0,NO,1787105245
510,acarau,-2.8856,-40.12,78.24,79,45,17.16,BR,1787105106
511,tolanaro,-25.0319,46.9987,66.04,93,12,6.51,MG,1787105248
512,barah,13.7,30.3667,82.8,51,95,5.1,SD,1787105250
513,puerto baquerizo moreno,-0.9,-89.6,75.06,81,94,12.19,EC,1787105252
514,puerto cabezas,14.0351,-83.3888,72.99,89,100,11.01,NI,1787105118
515,hultsfred,57.4882,15.8436,46.58,84,61,3.38,SE,1787105255
516,prado,-17.3411,-39.2208,70.84,76,29,7.23,BR,1787105037
517,santiago de cao,-7.9589,-79.2392,69.93,88,6,14.97,PE,1787105258
518,les cayes,18.2,-73.75,79.9,82,77,3.15,HT,1787105259
519,de aar,-30.6497,24.0123,57.31,29,8,5.23,ZA,1787105261
520,vila franca do campo,37.7167,-25.4333,73.81,92,28,5.17,PT,1787105262
521,cartagena,10.3997,-75.5144,82.02,83,100,11.01,CO,1787105246
522,tshabong,-26.05,22.45,61.25,21,0,6.62,BW,1787105265
523,port-gentil,-0.7193,8.7815,74.05,89,94,13.18,GA,1787105267
524,nahiyat ash shinafiyah,31.5874,44.6602,89.8,21,0,11.21,IQ,1787105268
525,abeche,13.8292,20.8324,81.63,53,100,18.05,TD,1787105270
526,karyes,37.3,22.5,62.85,75,0,1.86,GR,1787105271
527,howrah,22.5892,88.3103,84.2,89,56,9.22,IN,1787105273
528,ceeldheer,3.8488,47.1806,73.58,88,83,11.7,SO,1787105274
529,kyzylorda,44.8528,65.5092,68.02,32,8,6.71,KZ,1787105276
530,centerville,39.6284,-84.1594,69.93,88,58,0.0,US,1787105277
531,presidente medici,-11.1753,-61.9014,87.46,34,87,4.68,BR,1787105279
532,tamandare,-8.7597,-35.1047,73.9,88,35,11.59,BR,1787105206
533,tomatlan,19.9333,-105.25,83.23,81,100,3.89,MX,1787105282
534,tangalle,6.024,80.7911,82.96,85,100,13.04,LK,1787105283
535,melfort,52.8667,-104.6177,65.39,44,98,2.48,CA,1787105287
536,tuban,-6.8976,112.0649,85.57,68,57,11.56,ID,1787105288
537,hjo,58.3013,14.2878,51.03,90,20,6.46,SE,1787105290
538,kolwezi,-10.7148,25.4667,55.87,37,0,6.8,CD,1787105291
539,gamba,-2.65,10.0,70.83,92,100,5.64,GA,1787105293
540,segezha,63.7415,34.3222,54.5,96,100,6.15,RU,1787105294
541,saint-philippe,-21.3585,55.7679,71.82,86,43,13.67,RE,1787105297
542,port blair,11.6667,92.75,84.24,84,100,11.5,IN,1787105299
543,kikwit,-5.041,18.8162,75.0,30,10,0.54,CD,1787105301
544,sauk rapids,45.5919,-94.1661,69.15,60,1,6.91,US,1787105302
545,campbell river,50.0163,-125.2446,74.89,59,24,3.4,CA,1787105304
546,taltal,-25.4,-70.4833,60.08,68,96,7.45,CL,1787105103
547,mar del plata,-38.0023,-57.5575,45.95,82,0,4.0,AR,1787105226
548,piranshahr,36.701,45.1413,61.38,40,0,4.34,IR,1787105308
549,tallulah,32.4085,-91.1868,87.8,66,86,0.0,US,1787105310
550,ciudad lazaro cardenas,17.9583,-102.2,86.18,77,14,7.18,MX,1787105058
551,vallegrande,-18.4897,-64.1069,51.1,95,100,5.73,BO,1787105313
552,karratha,-20.7377,116.8463,78.51,43,2,4.61,AU,1787105314
553,leh,34.1667,77.5833,60.76,35,36,4.92,IN,1787105316
554,luba,3.4568,8.5547,76.3,92,94,6.87,GQ,1787105317
555,bardai,11.65,7.2333,69.98,95,100,4.14,NG,1787105319
556,argostolion,38.1811,20.489,74.88,83,0,2.33,GR,1787105320
557,tshikapa,-6.4167,20.8,70.3,31,6,2.8,CD,1787105029
558,baharly,38.4362,57.4316,85.69,33,0,6.31,TM,1787105323
559,dagda,56.0951,27.5372,49.78,97,100,9.44,LV,1787105325
560,pontes e lacerda,-15.2261,-59.3353,78.82,35,30,2.89,BR,1787105326
561,tomelloso,39.1522,-3.0243,76.32,42,0,10.45,ES,1787105328
562,abashiri,44.0213,144.2697,82.38,60,58,12.77,JP,1787105329
563,laojunmiao,39.8333,97.7333,73.89,24,0,7.07,CN,1787105331
564,kharian,32.8149,73.8636,81.5,83,99,11.23,PK,1787105333
565,bacsalmas,46.1265,19.3326,67.89,69,100,1.52,HU,1787105336
